Metric,Value
Covariance,-178048.05330222813
Correlation,-0.1753069633363908
